198, FirstName30625, LastName30625, 1945/9/4, 8N9252, 3e78dee9-cb45-4750-9354-c2a6129aaadb
9186,FirstName39931,LastName39931,1993/3/20,0U7125,6e9bff1f-fe43-40fd-aafb-92085294a1ec
2219,FirstName32670,LastName32670,1948/6/26,779622,5c298641-6dae-4230-9155-3868e82a2541
12578,FirstName42747,LastName42747,1974/9/1,681537,bbc222d5-7b95-4259-9b5e-9495bb5b5031
556,FirstName31023,LastName31023,1970/8/12,7U1169,eedb828e-34a3-44be-9654-0f656cc44e6c
9879,FirstName40488,LastName40488,1943/12/29,7U0772,50df53ae-8c97-4710-936a-e5a9388d55d6
12945,FirstName43871,LastName43871,1962/1/27,9W7087,ab2ec226-df24-458e-9eda-1a75c5deea1c
9209,FirstName40131,LastName40131,1951/5/3,4M3931,90c1289b-414b-4c7a-a0cb-5aa285815008
7074,FirstName37418,LastName37418,1930/6/8,593683,a65ed474-0c37-4df1-b775-0d3d5332b41e
2292,FirstName32775,LastName32775,1990/1/19,1W4483,8a73a89b-c4e1-4114-bc0d-6c094a1926dd
